-- phpMyAdmin SQL Dump
-- version 5.2.1
-- https://www.phpmyadmin.net/
--
-- Host: localhost
-- Generation Time: Oct 15, 2025 at 10:19 AM
-- Server version: 10.4.28-MariaDB
-- PHP Version: 8.0.28

SET SQL_MODE = "NO_AUTO_VALUE_ON_ZERO";
START TRANSACTION;
SET time_zone = "+00:00";


/*!40101 SET @OLD_CHARACTER_SET_CLIENT=@@CHARACTER_SET_CLIENT */;
/*!40101 SET @OLD_CHARACTER_SET_RESULTS=@@CHARACTER_SET_RESULTS */;
/*!40101 SET @OLD_COLLATION_CONNECTION=@@COLLATION_CONNECTION */;
/*!40101 SET NAMES utf8mb4 */;

--
-- Database: `corecare`
--

-- --------------------------------------------------------

--
-- Table structure for table `bmi`
--

CREATE TABLE `bmi` (
  `id` int(11) NOT NULL,
  `user_id` int(11) NOT NULL,
  `weight` decimal(5,2) NOT NULL,
  `height` decimal(5,2) NOT NULL,
  `bmi` decimal(5,2) NOT NULL,
  `bmi_category` enum('Underweight','Normal','Overweight','Obese') NOT NULL,
  `recorded_at` timestamp NOT NULL DEFAULT current_timestamp()
) ENGINE=InnoDB DEFAULT CHARSET=utf8mb4 COLLATE=utf8mb4_general_ci;

--
-- Dumping data for table `bmi`
--

INSERT INTO `bmi` (`id`, `user_id`, `weight`, `height`, `bmi`, `bmi_category`, `recorded_at`) VALUES
(25, 1, 92.00, 182.00, 27.80, 'Overweight', '2025-09-10 05:27:06'),
(26, 1, 97.00, 182.00, 29.30, 'Overweight', '2025-09-10 08:00:32'),
(27, 1, 96.00, 182.00, 29.00, 'Overweight', '2025-09-11 05:53:22'),
(28, 1, 96.00, 182.00, 29.00, 'Overweight', '2025-09-11 06:31:43'),
(29, 1, 96.00, 182.00, 29.00, 'Overweight', '2025-09-11 07:00:37'),
(30, 1, 95.00, 182.00, 28.70, 'Overweight', '2025-09-11 07:10:55'),
(32, 1, 95.00, 182.00, 28.70, 'Overweight', '2025-09-23 04:40:14'),
(33, 1, 94.00, 182.00, 28.40, 'Overweight', '2025-09-23 04:53:31'),
(34, 1, 95.00, 182.00, 28.70, 'Overweight', '2025-09-23 05:15:40'),
(35, 1, 94.00, 182.00, 28.40, 'Overweight', '2025-09-23 06:26:17'),
(36, 1, 95.00, 182.00, 28.70, 'Overweight', '2025-09-23 06:46:15'),
(37, 1, 89.00, 182.00, 26.90, 'Overweight', '2025-10-08 07:43:49');

-- --------------------------------------------------------

--
-- Table structure for table `bp`
--

CREATE TABLE `bp` (
  `id` int(11) NOT NULL,
  `user_id` int(11) NOT NULL,
  `systolic` int(11) NOT NULL,
  `diastolic` int(11) NOT NULL,
  `recorded_at` timestamp NOT NULL DEFAULT current_timestamp(),
  `signal_quality` decimal(3,2) DEFAULT 0.70,
  `confidence` decimal(3,2) DEFAULT 0.70,
  `hrv` decimal(5,2) DEFAULT 25.00
) ENGINE=InnoDB DEFAULT CHARSET=utf8mb4 COLLATE=utf8mb4_general_ci;

--
-- Dumping data for table `bp`
--

INSERT INTO `bp` (`id`, `user_id`, `systolic`, `diastolic`, `recorded_at`, `signal_quality`, `confidence`, `hrv`) VALUES
(42, 1, 107, 63, '2025-08-26 03:15:38', 0.70, 0.70, 25.00),
(43, 1, 108, 64, '2025-08-26 03:15:42', 0.70, 0.70, 25.00),
(44, 1, 109, 64, '2025-08-26 03:15:56', 0.70, 0.70, 25.00),
(45, 1, 108, 64, '2025-08-26 03:15:59', 0.70, 0.70, 25.00),
(46, 1, 107, 63, '2025-08-26 03:16:02', 0.70, 0.70, 25.00),
(47, 1, 105, 62, '2025-08-26 03:16:27', 0.70, 0.70, 25.00),
(48, 1, 105, 62, '2025-08-26 03:16:30', 0.70, 0.70, 25.00),
(49, 1, 106, 63, '2025-08-26 03:16:33', 0.70, 0.70, 25.00),
(50, 1, 105, 62, '2025-08-26 03:16:37', 0.70, 0.70, 25.00),
(51, 1, 108, 64, '2025-08-26 03:16:47', 0.70, 0.70, 25.00),
(52, 1, 108, 64, '2025-08-26 03:16:50', 0.70, 0.70, 25.00),
(53, 1, 109, 64, '2025-08-26 03:16:53', 0.70, 0.70, 25.00),
(54, 1, 109, 64, '2025-08-26 03:16:57', 0.70, 0.70, 25.00),
(55, 1, 110, 65, '2025-08-26 03:17:01', 0.70, 0.70, 25.00),
(56, 1, 110, 65, '2025-08-26 03:17:05', 0.70, 0.70, 25.00),
(57, 1, 110, 65, '2025-08-26 03:17:47', 0.70, 0.70, 25.00),
(58, 1, 111, 65, '2025-08-26 03:17:50', 0.70, 0.70, 25.00),
(59, 1, 112, 66, '2025-08-26 03:18:00', 0.70, 0.70, 25.00),
(60, 1, 110, 65, '2025-08-26 03:18:04', 0.70, 0.70, 25.00),
(61, 1, 111, 65, '2025-08-26 03:23:05', 0.70, 0.70, 25.00),
(62, 1, 111, 65, '2025-08-26 03:23:09', 0.70, 0.70, 25.00),
(63, 1, 111, 65, '2025-08-26 03:23:12', 0.70, 0.70, 25.00),
(64, 1, 111, 65, '2025-08-26 03:23:15', 0.70, 0.70, 25.00),
(65, 1, 111, 65, '2025-08-26 03:59:37', 0.70, 0.70, 25.00),
(66, 1, 109, 64, '2025-08-29 04:02:58', 0.70, 0.70, 25.00),
(67, 1, 109, 64, '2025-08-29 04:03:58', 0.70, 0.70, 25.00),
(68, 1, 109, 64, '2025-08-29 04:05:08', 0.70, 0.70, 25.00),
(69, 1, 109, 64, '2025-08-29 04:05:37', 0.70, 0.70, 25.00),
(70, 1, 109, 64, '2025-08-29 04:07:57', 0.70, 0.70, 25.00),
(71, 1, 109, 64, '2025-08-29 04:08:29', 0.70, 0.70, 25.00),
(72, 1, 109, 64, '2025-08-29 04:12:12', 0.70, 0.70, 25.00),
(73, 1, 109, 64, '2025-08-29 04:12:51', 0.70, 0.70, 25.00),
(74, 1, 109, 64, '2025-08-29 04:14:19', 0.70, 0.70, 25.00),
(75, 1, 109, 64, '2025-08-29 04:17:18', 0.70, 0.70, 25.00),
(76, 1, 109, 64, '2025-08-29 04:17:19', 0.70, 0.70, 25.00),
(77, 1, 109, 64, '2025-08-29 04:18:17', 0.70, 0.70, 25.00),
(78, 7, 109, 64, '2025-08-29 04:18:38', 0.70, 0.70, 25.00),
(79, 7, 109, 64, '2025-08-29 04:18:53', 0.70, 0.70, 25.00),
(80, 7, 109, 64, '2025-08-29 05:31:07', 0.70, 0.70, 25.00),
(81, 7, 140, 84, '2025-08-30 04:24:18', 0.70, 0.70, 25.00),
(82, 7, 140, 84, '2025-08-30 04:24:19', 0.70, 0.70, 25.00),
(83, 7, 140, 84, '2025-08-30 04:24:20', 0.70, 0.70, 25.00),
(84, 7, 140, 84, '2025-08-30 04:24:21', 0.70, 0.70, 25.00),
(85, 7, 140, 84, '2025-08-30 04:24:23', 0.70, 0.70, 25.00),
(86, 7, 140, 84, '2025-08-30 04:24:23', 0.70, 0.70, 25.00),
(87, 7, 140, 84, '2025-08-30 04:24:24', 0.70, 0.70, 25.00),
(88, 1, 140, 84, '2025-08-30 05:38:04', 0.70, 0.70, 25.00),
(89, 7, 140, 84, '2025-08-30 05:40:45', 0.70, 0.70, 25.00),
(90, 1, 106, 63, '2025-08-30 05:42:53', 0.70, 0.70, 25.00),
(91, 1, 140, 84, '2025-08-30 05:43:12', 0.70, 0.70, 25.00),
(92, 1, 140, 84, '2025-08-30 05:43:13', 0.70, 0.70, 25.00),
(93, 1, 140, 84, '2025-08-30 05:43:44', 0.70, 0.70, 25.00),
(94, 1, 140, 84, '2025-08-30 05:43:44', 0.70, 0.70, 25.00),
(95, 1, 140, 84, '2025-08-30 05:43:44', 0.70, 0.70, 25.00),
(96, 1, 140, 84, '2025-08-30 05:43:45', 0.70, 0.70, 25.00),
(97, 1, 140, 84, '2025-08-30 05:43:45', 0.70, 0.70, 25.00),
(98, 1, 140, 84, '2025-08-30 06:33:20', 0.70, 0.70, 25.00),
(99, 7, 140, 84, '2025-08-30 06:34:20', 0.70, 0.70, 25.00),
(100, 7, 107, 63, '2025-08-30 06:35:02', 0.70, 0.70, 25.00),
(101, 1, 106, 63, '2025-08-30 09:07:23', 0.70, 0.70, 25.00),
(102, 1, 140, 84, '2025-09-01 03:50:45', 0.70, 0.70, 25.00),
(103, 1, 107, 63, '2025-09-01 03:51:05', 0.70, 0.70, 25.00),
(104, 7, 107, 63, '2025-09-01 03:51:16', 0.70, 0.70, 25.00),
(105, 1, 106, 63, '2025-09-01 04:38:31', 0.70, 0.70, 25.00),
(106, 1, 105, 62, '2025-09-01 04:38:56', 0.70, 0.70, 25.00),
(107, 1, 107, 63, '2025-09-01 04:39:45', 0.70, 0.70, 25.00),
(108, 1, 105, 62, '2025-09-01 04:40:08', 0.70, 0.70, 25.00),
(109, 1, 105, 62, '2025-09-01 04:40:37', 0.70, 0.70, 25.00),
(110, 1, 108, 64, '2025-09-01 04:40:56', 0.70, 0.70, 25.00),
(111, 1, 105, 62, '2025-09-01 04:41:11', 0.70, 0.70, 25.00),
(112, 1, 105, 62, '2025-09-01 04:41:16', 0.70, 0.70, 25.00),
(113, 1, 107, 63, '2025-09-01 04:41:20', 0.70, 0.70, 25.00),
(114, 1, 105, 62, '2025-09-01 04:41:27', 0.70, 0.70, 25.00),
(115, 1, 108, 64, '2025-09-01 04:41:34', 0.70, 0.70, 25.00),
(116, 1, 105, 62, '2025-09-01 04:41:51', 0.70, 0.70, 25.00),
(117, 1, 105, 62, '2025-09-01 04:42:02', 0.70, 0.70, 25.00),
(118, 1, 105, 62, '2025-09-01 04:42:05', 0.70, 0.70, 25.00),
(119, 1, 105, 62, '2025-09-01 04:42:12', 0.70, 0.70, 25.00),
(120, 1, 105, 62, '2025-09-01 04:43:02', 0.70, 0.70, 25.00),
(121, 1, 110, 65, '2025-09-01 04:43:21', 0.70, 0.70, 25.00),
(122, 1, 105, 62, '2025-09-01 04:43:47', 0.70, 0.70, 25.00),
(126, 1, 105, 62, '2025-09-01 04:45:48', 0.70, 0.70, 25.00),
(127, 1, 107, 63, '2025-09-01 04:51:28', 0.70, 0.70, 25.00),
(128, 1, 105, 62, '2025-09-01 04:52:12', 0.70, 0.70, 25.00),
(130, 1, 107, 63, '2025-09-02 03:28:28', 0.70, 0.70, 25.00),
(131, 1, 107, 63, '2025-09-02 03:59:50', 0.70, 0.70, 25.00),
(132, 7, 108, 64, '2025-09-02 03:59:59', 0.70, 0.70, 25.00),
(140, 1, 140, 84, '2025-09-02 04:01:21', 0.70, 0.70, 25.00),
(141, 1, 108, 64, '2025-09-02 04:01:34', 0.70, 0.70, 25.00),
(142, 1, 107, 63, '2025-09-03 03:06:50', 0.70, 0.70, 25.00),
(143, 7, 108, 64, '2025-09-03 03:06:57', 0.70, 0.70, 25.00),
(144, 7, 108, 64, '2025-09-03 06:19:15', 0.70, 0.70, 25.00),
(145, 1, 108, 64, '2025-09-03 06:19:24', 0.70, 0.70, 25.00),
(146, 1, 107, 63, '2025-09-03 07:53:17', 0.70, 0.70, 25.00),
(147, 1, 103, 61, '2025-09-03 09:08:11', 0.70, 0.70, 25.00),
(148, 1, 103, 61, '2025-09-03 09:08:12', 0.70, 0.70, 25.00),
(149, 1, 106, 63, '2025-09-03 09:08:58', 0.70, 0.70, 25.00),
(150, 1, 107, 63, '2025-09-05 03:08:02', 0.70, 0.70, 25.00),
(151, 7, 108, 64, '2025-09-05 03:08:33', 0.70, 0.70, 25.00),
(152, 7, 107, 63, '2025-09-05 03:37:06', 0.70, 0.70, 25.00),
(153, 1, 108, 64, '2025-09-05 03:37:17', 0.70, 0.70, 25.00),
(154, 1, 106, 63, '2025-09-05 05:09:06', 0.70, 0.70, 25.00),
(155, 1, 107, 63, '2025-09-05 05:10:43', 0.70, 0.70, 25.00),
(156, 1, 107, 63, '2025-09-08 02:55:33', 0.70, 0.70, 25.00),
(157, 7, 108, 64, '2025-09-08 02:55:42', 0.70, 0.70, 25.00),
(158, 1, 106, 63, '2025-09-08 03:04:39', 0.70, 0.70, 25.00),
(159, 1, 107, 63, '2025-09-09 02:50:41', 0.70, 0.70, 25.00),
(160, 1, 109, 64, '2025-09-09 02:51:44', 0.70, 0.70, 25.00),
(161, 1, 108, 64, '2025-09-09 04:38:27', 0.70, 0.70, 25.00),
(162, 1, 107, 63, '2025-09-10 03:29:31', 0.70, 0.70, 25.00),
(163, 1, 107, 63, '2025-09-10 05:27:39', 0.70, 0.70, 25.00),
(164, 1, 110, 65, '2025-09-10 05:29:23', 0.70, 0.70, 25.00),
(165, 1, 108, 64, '2025-09-10 05:31:42', 0.70, 0.70, 25.00),
(166, 1, 106, 63, '2025-09-10 08:09:39', 0.70, 0.70, 25.00),
(167, 1, 111, 65, '2025-09-10 08:39:15', 0.70, 0.70, 25.00),
(168, 1, 108, 64, '2025-09-10 08:48:26', 0.70, 0.70, 25.00),
(169, 1, 107, 63, '2025-09-10 10:49:40', 0.70, 0.70, 25.00),
(170, 1, 108, 64, '2025-09-11 04:16:57', 0.70, 0.70, 25.00),
(171, 7, 107, 63, '2025-09-11 04:17:02', 0.70, 0.70, 25.00),
(172, 1, 107, 63, '2025-09-11 04:41:44', 0.70, 0.70, 25.00),
(173, 1, 110, 65, '2025-09-11 04:59:45', 0.70, 0.70, 25.00),
(174, 1, 110, 65, '2025-09-11 04:59:48', 0.70, 0.70, 25.00),
(175, 1, 111, 65, '2025-09-11 04:59:52', 0.70, 0.70, 25.00),
(176, 1, 112, 66, '2025-09-11 04:59:55', 0.70, 0.70, 25.00),
(177, 1, 111, 65, '2025-09-11 05:00:20', 0.70, 0.70, 25.00),
(178, 1, 110, 65, '2025-09-11 05:00:27', 0.70, 0.70, 25.00),
(179, 1, 110, 65, '2025-09-11 05:09:22', 0.70, 0.70, 25.00),
(180, 1, 109, 64, '2025-09-11 05:16:45', 0.70, 0.70, 25.00),
(181, 1, 107, 63, '2025-09-11 05:17:04', 0.70, 0.70, 25.00),
(182, 1, 112, 66, '2025-09-11 06:45:24', 0.70, 0.70, 25.00),
(183, 1, 107, 63, '2025-09-11 06:45:58', 0.70, 0.70, 25.00),
(184, 1, 108, 64, '2025-09-13 03:07:22', 0.70, 0.70, 25.00),
(185, 1, 108, 64, '2025-09-13 03:14:03', 0.70, 0.70, 25.00),
(186, 1, 108, 64, '2025-09-13 03:18:17', 0.70, 0.70, 25.00),
(187, 1, 108, 64, '2025-09-13 03:19:38', 0.70, 0.70, 25.00),
(188, 1, 109, 64, '2025-09-13 03:22:35', 0.70, 0.70, 25.00),
(189, 1, 111, 65, '2025-09-13 04:17:32', 0.70, 0.70, 25.00),
(190, 1, 107, 63, '2025-09-13 04:29:47', 0.70, 0.70, 25.00),
(191, 1, 111, 65, '2025-09-16 06:08:24', 0.70, 0.70, 25.00),
(192, 1, 108, 64, '2025-09-16 06:14:36', 0.70, 0.70, 25.00),
(193, 1, 108, 64, '2025-09-16 06:26:26', 0.70, 0.70, 25.00),
(194, 1, 111, 65, '2025-09-16 06:26:47', 0.70, 0.70, 25.00),
(195, 1, 108, 64, '2025-09-16 06:32:03', 0.70, 0.70, 25.00),
(196, 1, 108, 64, '2025-09-16 06:33:20', 0.70, 0.70, 25.00),
(197, 1, 108, 64, '2025-09-16 06:33:20', 0.70, 0.70, 25.00),
(198, 1, 111, 65, '2025-09-16 07:30:14', 0.70, 0.70, 25.00),
(199, 1, 107, 63, '2025-09-16 07:52:00', 0.70, 0.70, 25.00),
(200, 1, 110, 65, '2025-09-16 08:00:49', 0.70, 0.70, 25.00),
(201, 1, 111, 65, '2025-09-16 08:01:32', 0.70, 0.70, 25.00),
(202, 1, 111, 65, '2025-09-16 08:14:37', 0.70, 0.70, 25.00),
(203, 1, 111, 65, '2025-09-16 08:38:36', 0.70, 0.70, 25.00),
(204, 1, 107, 63, '2025-09-17 08:15:52', 0.70, 0.70, 25.00),
(205, 1, 107, 63, '2025-09-17 08:16:03', 0.70, 0.70, 25.00),
(206, 1, 107, 63, '2025-09-22 07:14:51', 0.70, 0.70, 25.00),
(207, 1, 107, 63, '2025-09-22 07:18:18', 0.70, 0.70, 25.00),
(208, 1, 108, 64, '2025-09-23 05:25:53', 0.70, 0.70, 25.00),
(209, 1, 108, 64, '2025-09-24 05:15:42', 0.70, 0.70, 25.00),
(210, 1, 111, 65, '2025-09-24 05:41:16', 0.70, 0.70, 25.00),
(211, 1, 109, 64, '2025-09-25 05:07:00', 0.70, 0.70, 25.00),
(212, 1, 107, 63, '2025-09-29 06:09:55', 0.70, 0.70, 25.00),
(213, 1, 106, 63, '2025-09-29 06:10:11', 0.70, 0.70, 25.00),
(214, 1, 107, 63, '2025-10-08 07:42:22', 0.70, 0.70, 25.00),
(215, 1, 108, 64, '2025-10-08 07:42:29', 0.70, 0.70, 25.00),
(216, 1, 107, 63, '2025-10-08 07:42:35', 0.70, 0.70, 25.00);

-- --------------------------------------------------------

--
-- Table structure for table `hr`
--

CREATE TABLE `hr` (
  `id` int(11) NOT NULL,
  `user_id` int(11) NOT NULL,
  `bpm` int(11) NOT NULL,
  `created_at` timestamp NOT NULL DEFAULT current_timestamp(),
  `category` varchar(50) DEFAULT NULL
) ENGINE=InnoDB DEFAULT CHARSET=utf8mb4 COLLATE=utf8mb4_general_ci;

--
-- Dumping data for table `hr`
--

INSERT INTO `hr` (`id`, `user_id`, `bpm`, `created_at`, `category`) VALUES
(18, 7, 72, '2025-08-25 06:23:32', 'Normal'),
(19, 7, 64, '2025-08-26 02:57:48', 'Normal'),
(20, 7, 55, '2025-08-26 02:57:52', 'Bradycardia'),
(21, 7, 55, '2025-08-26 02:57:54', 'Bradycardia'),
(22, 7, 72, '2025-08-26 02:57:58', 'Normal'),
(23, 7, 75, '2025-08-26 02:58:01', 'Normal'),
(24, 7, 75, '2025-08-26 02:58:03', 'Normal'),
(25, 7, 73, '2025-08-26 02:58:11', 'Normal'),
(26, 7, 55, '2025-08-26 02:58:48', 'Bradycardia'),
(27, 7, 65, '2025-08-26 02:58:52', 'Normal'),
(28, 7, 68, '2025-08-26 02:58:56', 'Normal'),
(29, 7, 69, '2025-08-26 02:59:00', 'Normal'),
(30, 7, 56, '2025-08-26 03:01:21', 'Bradycardia'),
(31, 1, 67, '2025-08-26 03:14:25', 'Normal'),
(32, 1, 77, '2025-08-26 03:15:35', 'Normal'),
(33, 1, 75, '2025-08-26 03:15:38', 'Normal'),
(34, 1, 82, '2025-08-26 03:15:42', 'Normal'),
(35, 1, 92, '2025-08-26 03:15:56', 'Normal'),
(36, 1, 85, '2025-08-26 03:15:59', 'Normal'),
(37, 1, 72, '2025-08-26 03:16:02', 'Normal'),
(38, 1, 55, '2025-08-26 03:16:27', 'Bradycardia'),
(39, 1, 59, '2025-08-26 03:16:30', 'Bradycardia'),
(40, 1, 68, '2025-08-26 03:16:33', 'Normal'),
(41, 1, 59, '2025-08-26 03:16:37', 'Bradycardia'),
(42, 1, 88, '2025-08-26 03:16:47', 'Normal'),
(43, 1, 82, '2025-08-26 03:16:50', 'Normal'),
(44, 1, 95, '2025-08-26 03:16:53', 'Normal'),
(45, 1, 92, '2025-08-26 03:16:57', 'Normal'),
(46, 1, 104, '2025-08-26 03:17:01', 'Elevated'),
(47, 1, 101, '2025-08-26 03:17:05', 'Elevated'),
(48, 1, 107, '2025-08-26 03:17:47', 'Elevated'),
(49, 1, 112, '2025-08-26 03:17:50', 'Elevated'),
(50, 1, 123, '2025-08-26 03:18:00', 'Tachycardia'),
(51, 1, 105, '2025-08-26 03:18:04', 'Elevated'),
(52, 1, 112, '2025-08-26 03:23:05', 'Elevated'),
(53, 1, 115, '2025-08-26 03:23:09', 'Elevated'),
(54, 1, 113, '2025-08-26 03:23:12', 'Elevated'),
(55, 1, 110, '2025-08-26 03:23:15', 'Elevated'),
(56, 1, 110, '2025-08-26 03:59:37', 'Elevated'),
(57, 1, 98, '2025-08-29 04:02:58', 'Normal'),
(58, 1, 98, '2025-08-29 04:03:58', 'Normal'),
(59, 1, 98, '2025-08-29 04:05:08', 'Normal'),
(60, 1, 97, '2025-08-29 04:05:37', 'Normal'),
(61, 1, 97, '2025-08-29 04:07:57', 'Normal'),
(62, 1, 97, '2025-08-29 04:08:29', 'Normal'),
(63, 1, 97, '2025-08-29 04:12:12', 'Normal'),
(64, 1, 97, '2025-08-29 04:12:51', 'Normal'),
(65, 1, 97, '2025-08-29 04:14:19', 'Normal'),
(66, 1, 97, '2025-08-29 04:17:18', 'Normal'),
(67, 1, 97, '2025-08-29 04:17:19', 'Normal'),
(68, 1, 96, '2025-08-29 04:18:17', 'Normal'),
(69, 7, 96, '2025-08-29 04:18:38', 'Normal'),
(70, 7, 96, '2025-08-29 04:18:53', 'Normal'),
(71, 7, 96, '2025-08-29 05:31:07', 'Normal'),
(72, 1, 65, '2025-08-30 05:42:53', 'Normal'),
(73, 7, 77, '2025-08-30 06:35:02', 'Normal'),
(74, 1, 69, '2025-08-30 09:07:23', 'Normal'),
(75, 1, 75, '2025-09-01 03:51:05', 'Normal'),
(76, 7, 72, '2025-09-01 03:51:16', 'Normal'),
(77, 1, 63, '2025-09-01 04:38:31', 'Normal'),
(78, 1, 50, '2025-09-01 04:38:56', 'Bradycardia'),
(79, 1, 77, '2025-09-01 04:39:45', 'Normal'),
(80, 1, 56, '2025-09-01 04:40:08', 'Bradycardia'),
(81, 1, 50, '2025-09-01 04:40:37', 'Bradycardia'),
(82, 1, 84, '2025-09-01 04:40:56', 'Normal'),
(83, 1, 50, '2025-09-01 04:41:11', 'Bradycardia'),
(84, 1, 50, '2025-09-01 04:41:16', 'Bradycardia'),
(85, 1, 70, '2025-09-01 04:41:20', 'Normal'),
(86, 1, 56, '2025-09-01 04:41:27', 'Bradycardia'),
(87, 1, 84, '2025-09-01 04:41:34', 'Normal'),
(88, 1, 50, '2025-09-01 04:41:51', 'Bradycardia'),
(89, 1, 50, '2025-09-01 04:42:02', 'Bradycardia'),
(90, 1, 50, '2025-09-01 04:42:05', 'Bradycardia'),
(91, 1, 50, '2025-09-01 04:42:12', 'Bradycardia'),
(92, 1, 50, '2025-09-01 04:43:02', 'Bradycardia'),
(93, 1, 105, '2025-09-01 04:43:21', 'Elevated'),
(94, 1, 50, '2025-09-01 04:43:47', 'Bradycardia'),
(95, 1, 56, '2025-09-01 04:44:14', 'Bradycardia'),
(96, 1, 50, '2025-09-01 04:44:17', 'Bradycardia'),
(97, 1, 77, '2025-09-01 04:44:36', 'Normal'),
(98, 1, 56, '2025-09-01 04:45:48', 'Bradycardia'),
(99, 1, 70, '2025-09-01 04:51:28', 'Normal'),
(100, 1, 50, '2025-09-01 04:52:12', 'Bradycardia'),
(101, 7, 77, '2025-09-02 03:28:20', 'Normal'),
(102, 1, 71, '2025-09-02 03:28:28', 'Normal'),
(103, 1, 77, '2025-09-02 03:59:50', 'Normal'),
(104, 7, 85, '2025-09-02 03:59:59', 'Normal'),
(105, 1, 84, '2025-09-02 04:01:34', 'Normal'),
(106, 1, 77, '2025-09-03 03:06:50', 'Normal'),
(107, 7, 82, '2025-09-03 03:06:57', 'Normal'),
(108, 7, 85, '2025-09-03 06:19:15', 'Normal'),
(109, 1, 87, '2025-09-03 06:19:24', 'Normal'),
(110, 1, 72, '2025-09-03 07:53:17', 'Normal'),
(111, 1, 30, '2025-09-03 09:08:11', 'Bradycardia'),
(112, 1, 30, '2025-09-03 09:08:12', 'Bradycardia'),
(113, 1, 65, '2025-09-03 09:08:58', 'Normal'),
(114, 1, 71, '2025-09-05 03:08:02', 'Normal'),
(115, 7, 85, '2025-09-05 03:08:33', 'Normal'),
(116, 7, 79, '2025-09-05 03:37:06', 'Normal'),
(117, 1, 82, '2025-09-05 03:37:17', 'Normal'),
(118, 1, 65, '2025-09-05 05:09:06', 'Normal'),
(119, 1, 77, '2025-09-05 05:10:43', 'Normal'),
(120, 1, 72, '2025-09-08 02:55:33', 'Normal'),
(121, 7, 82, '2025-09-08 02:55:42', 'Normal'),
(122, 1, 65, '2025-09-08 03:04:39', 'Normal'),
(123, 1, 77, '2025-09-09 02:50:41', 'Normal'),
(124, 1, 92, '2025-09-09 02:51:44', 'Normal'),
(125, 1, 87, '2025-09-09 04:38:27', 'Normal'),
(126, 1, 72, '2025-09-10 03:29:31', 'Normal'),
(127, 1, 75, '2025-09-10 05:27:39', 'Normal'),
(128, 1, 105, '2025-09-10 05:29:23', 'Elevated'),
(129, 1, 83, '2025-09-10 05:31:42', 'Normal'),
(130, 1, 67, '2025-09-10 08:09:39', 'Normal'),
(131, 1, 110, '2025-09-10 08:39:15', 'Elevated'),
(132, 1, 84, '2025-09-10 08:48:26', 'Normal'),
(133, 1, 76, '2025-09-10 10:49:40', 'Normal'),
(134, 1, 89, '2025-09-11 04:16:57', 'Normal'),
(135, 7, 74, '2025-09-11 04:17:02', 'Normal'),
(136, 1, 77, '2025-09-11 04:41:44', 'Normal'),
(137, 1, 100, '2025-09-11 04:59:45', 'Normal'),
(138, 1, 102, '2025-09-11 04:59:48', 'Elevated'),
(139, 1, 110, '2025-09-11 04:59:52', 'Elevated'),
(140, 1, 123, '2025-09-11 04:59:55', 'Tachycardia'),
(141, 1, 115, '2025-09-11 05:00:20', 'Elevated'),
(142, 1, 106, '2025-09-11 05:00:27', 'Elevated'),
(143, 1, 101, '2025-09-11 05:09:22', 'Elevated'),
(144, 1, 95, '2025-09-11 05:16:45', 'Normal'),
(145, 1, 72, '2025-09-11 05:17:04', 'Normal'),
(146, 1, 123, '2025-09-11 06:45:24', 'Tachycardia'),
(147, 1, 76, '2025-09-11 06:45:58', 'Normal'),
(148, 1, 88, '2025-09-13 03:07:22', 'Normal'),
(149, 1, 85, '2025-09-13 03:14:03', 'Normal'),
(150, 1, 82, '2025-09-13 03:18:17', 'Normal'),
(151, 1, 83, '2025-09-13 03:19:38', 'Normal'),
(152, 1, 90, '2025-09-13 03:22:35', 'Normal'),
(153, 1, 113, '2025-09-13 04:17:32', 'Elevated'),
(154, 1, 76, '2025-09-13 04:29:47', 'Normal'),
(155, 1, 114, '2025-09-16 06:08:24', 'Elevated'),
(156, 1, 83, '2025-09-16 06:14:36', 'Normal'),
(157, 1, 83, '2025-09-16 06:26:26', 'Normal'),
(158, 1, 114, '2025-09-16 06:26:47', 'Elevated'),
(159, 1, 84, '2025-09-16 06:32:03', 'Normal'),
(160, 1, 84, '2025-09-16 06:33:20', 'Normal'),
(161, 1, 84, '2025-09-16 06:33:20', 'Normal'),
(162, 1, 112, '2025-09-16 07:30:14', 'Elevated'),
(163, 1, 77, '2025-09-16 07:52:00', 'Normal'),
(164, 1, 104, '2025-09-16 08:00:49', 'Elevated'),
(165, 1, 117, '2025-09-16 08:01:32', 'Elevated'),
(166, 1, 114, '2025-09-16 08:14:37', 'Elevated'),
(167, 1, 114, '2025-09-16 08:38:36', 'Elevated'),
(168, 1, 74, '2025-09-17 08:15:52', 'Normal'),
(169, 1, 72, '2025-09-17 08:16:03', 'Normal'),
(170, 1, 78, '2025-09-22 07:14:51', 'Normal'),
(171, 1, 78, '2025-09-22 07:18:18', 'Normal'),
(176, 1, 72, '2025-09-29 06:09:55', 'Normal'),
(177, 1, 67, '2025-09-29 06:10:11', 'Normal'),
(178, 1, 70, '2025-10-08 07:42:22', 'Normal'),
(179, 1, 83, '2025-10-08 07:42:29', 'Normal'),
(180, 1, 77, '2025-10-08 07:42:35', 'Normal');

--
-- Triggers `hr`
--
DELIMITER $$
CREATE TRIGGER `after_hr_insert` AFTER INSERT ON `hr` FOR EACH ROW BEGIN
    DECLARE systolic_val INT;
    DECLARE diastolic_val INT;

    -- Example logic: derive BP from BPM (dummy formula)
    SET systolic_val = 100 + (NEW.bpm DIV 10);  -- e.g., bpm 80 → 108
    SET diastolic_val = 60 + (NEW.bpm DIV 20); -- e.g., bpm 80 → 64

    -- Insert into bp table
    INSERT INTO bp (user_id, systolic, diastolic)
    VALUES (NEW.user_id, systolic_val, diastolic_val);
END
$$
DELIMITER ;

-- --------------------------------------------------------

--
-- Table structure for table `users`
--

CREATE TABLE `users` (
  `id` int(11) NOT NULL,
  `email` varchar(255) DEFAULT NULL,
  `phone` varchar(20) DEFAULT NULL,
  `password` varchar(255) DEFAULT NULL,
  `name` varchar(100) NOT NULL DEFAULT '',
  `age` int(11) NOT NULL DEFAULT 0,
  `sex` enum('Male','Female','Other') NOT NULL DEFAULT 'Male',
  `height` decimal(5,2) NOT NULL DEFAULT 0.00,
  `updated_at` timestamp NOT NULL DEFAULT current_timestamp() ON UPDATE current_timestamp(),
  `profile_picture` varchar(255) DEFAULT '',
  `latest_mood` varchar(30) DEFAULT NULL,
  `latest_symptoms` text DEFAULT NULL,
  `latest_heart_rate` int(11) DEFAULT NULL,
  `latest_context_note` varchar(300) DEFAULT NULL,
  `mood_updated_at` datetime DEFAULT NULL
) ENGINE=InnoDB DEFAULT CHARSET=utf8mb4 COLLATE=utf8mb4_general_ci;

--
-- Dumping data for table `users`
--

INSERT INTO `users` (`id`, `email`, `phone`, `password`, `name`, `age`, `sex`, `height`, `updated_at`, `profile_picture`, `latest_mood`, `latest_symptoms`, `latest_heart_rate`, `latest_context_note`, `mood_updated_at`) VALUES
(1, 'user@example.com', '9875462315', 'Ab@@1234', 'Lokesh.S', 21, 'Male', 182.00, '2025-10-08 07:44:21', 'avatar12', 'Happy', 'Fatigue,Headache,Shortness of Breath,Dizziness,Chest Pain', 77, 'Feeling dizzy ', '2025-10-08 13:14:21'),
(7, 'users@example.com', '7896541355', 'Ab@@1212', 'dkar', 22, 'Male', 181.00, '2025-09-02 02:55:53', '', NULL, NULL, NULL, NULL, NULL);

--
-- Indexes for dumped tables
--

--
-- Indexes for table `bmi`
--
ALTER TABLE `bmi`
  ADD PRIMARY KEY (`id`),
  ADD KEY `user_id` (`user_id`);

--
-- Indexes for table `bp`
--
ALTER TABLE `bp`
  ADD PRIMARY KEY (`id`),
  ADD KEY `user_id` (`user_id`);

--
-- Indexes for table `hr`
--
ALTER TABLE `hr`
  ADD PRIMARY KEY (`id`),
  ADD KEY `user_id` (`user_id`);

--
-- Indexes for table `users`
--
ALTER TABLE `users`
  ADD PRIMARY KEY (`id`),
  ADD UNIQUE KEY `email` (`email`),
  ADD UNIQUE KEY `phone` (`phone`),
  ADD UNIQUE KEY `email_2` (`email`),
  ADD UNIQUE KEY `phone_2` (`phone`);

--
-- AUTO_INCREMENT for dumped tables
--

--
-- AUTO_INCREMENT for table `bmi`
--
ALTER TABLE `bmi`
  MODIFY `id` int(11) NOT NULL AUTO_INCREMENT, AUTO_INCREMENT=38;

--
-- AUTO_INCREMENT for table `bp`
--
ALTER TABLE `bp`
  MODIFY `id` int(11) NOT NULL AUTO_INCREMENT, AUTO_INCREMENT=217;

--
-- AUTO_INCREMENT for table `hr`
--
ALTER TABLE `hr`
  MODIFY `id` int(11) NOT NULL AUTO_INCREMENT, AUTO_INCREMENT=181;

--
-- AUTO_INCREMENT for table `users`
--
ALTER TABLE `users`
  MODIFY `id` int(11) NOT NULL AUTO_INCREMENT, AUTO_INCREMENT=17;

--
-- Constraints for dumped tables
--

--
-- Constraints for table `bmi`
--
ALTER TABLE `bmi`
  ADD CONSTRAINT `bmi_ibfk_1` FOREIGN KEY (`user_id`) REFERENCES `users` (`id`) ON DELETE CASCADE;

--
-- Constraints for table `bp`
--
ALTER TABLE `bp`
  ADD CONSTRAINT `bp_ibfk_1` FOREIGN KEY (`user_id`) REFERENCES `users` (`id`);
COMMIT;

/*!40101 SET CHARACTER_SET_CLIENT=@OLD_CHARACTER_SET_CLIENT */;
/*!40101 SET CHARACTER_SET_RESULTS=@OLD_CHARACTER_SET_RESULTS */;
/*!40101 SET COLLATION_CONNECTION=@OLD_COLLATION_CONNECTION */;
